pid,device,amplitude,width,time,correct
1,trackpad,300,40,1089,true
1,trackpad,300,40,1071,true
1,trackpad,300,40,938,true
1,trackpad,300,40,855,true
1,trackpad,300,40,956,true
1,trackpad,300,40,923,true
1,trackpad,300,40,806,true
1,trackpad,300,40,872,true
1,trackpad,300,40,939,true
1,trackpad,300,40,906,true
1,trackpad,300,40,939,true
1,trackpad,300,40,905,true
1,trackpad,300,40,906,false
1,trackpad,300,40,855,true
1,trackpad,300,40,906,true
1,trackpad,600,40,1198,true
1,trackpad,600,40,1227,false
1,trackpad,600,40,1257,true
1,trackpad,600,40,1056,true
1,trackpad,600,40,1039,true
1,trackpad,600,40,1139,true
1,trackpad,600,40,1165,true
1,trackpad,600,40,1245,true
1,trackpad,600,40,1007,true
1,trackpad,600,40,1171,true
1,trackpad,600,40,895,true
1,trackpad,600,40,1160,true
1,trackpad,600,40,1029,true
1,trackpad,600,40,1072,true
1,trackpad,600,40,989,true
1,trackpad,600,60,740,true
1,trackpad,600,60,871,true
1,trackpad,600,60,856,true
1,trackpad,600,60,956,true
1,trackpad,600,60,739,true
1,trackpad,600,60,872,true
1,trackpad,600,60,856,true
1,trackpad,600,60,904,true
1,trackpad,600,60,905,true
1,trackpad,600,60,973,true
1,trackpad,600,60,773,true
1,trackpad,600,60,939,true
1,trackpad,600,60,789,true
1,trackpad,600,60,990,true
1,trackpad,600,60,888,true
1,trackpad,300,60,645,true
1,trackpad,300,60,871,true
1,trackpad,300,60,756,true
1,trackpad,300,60,906,true
1,trackpad,300,60,788,true
1,trackpad,300,60,890,true
1,trackpad,300,60,771,true
1,trackpad,300,60,906,true
1,trackpad,300,60,834,true
1,trackpad,300,60,906,true
1,trackpad,300,60,789,true
1,trackpad,300,60,906,true
1,trackpad,300,60,741,true
1,trackpad,300,60,886,true
1,trackpad,300,60,723,true
1,trackpad,150,60,806,true
1,trackpad,150,60,789,true
1,trackpad,150,60,772,true
1,trackpad,150,60,722,true
1,trackpad,150,60,673,true
1,trackpad,150,60,622,true
1,trackpad,150,60,573,true
1,trackpad,150,60,623,true
1,trackpad,150,60,605,true
1,trackpad,150,60,656,true
1,trackpad,150,60,588,true
1,trackpad,150,60,790,true
1,trackpad,150,60,572,true
1,trackpad,150,60,772,true
1,trackpad,150,60,739,true
1,trackpad,150,40,689,true
1,trackpad,150,40,821,true
1,trackpad,150,40,739,true
1,trackpad,150,40,773,true
1,trackpad,150,40,686,true
1,trackpad,150,40,773,true
1,trackpad,150,40,655,true
1,trackpad,150,40,755,true
1,trackpad,150,40,640,true
1,trackpad,150,40,740,true
1,trackpad,150,40,722,true
1,trackpad,150,40,805,true
1,trackpad,150,40,672,true
1,trackpad,150,40,657,true
1,trackpad,150,40,605,true
1,trackpad,300,20,773,true
1,trackpad,300,20,906,true
1,trackpad,300,20,773,true
1,trackpad,300,20,789,true
1,trackpad,300,20,839,true
1,trackpad,300,20,871,true
1,trackpad,300,20,840,true
1,trackpad,300,20,1022,true
1,trackpad,300,20,756,true
1,trackpad,300,20,772,true
1,trackpad,300,20,891,true
1,trackpad,300,20,888,true
1,trackpad,300,20,856,true
1,trackpad,300,20,772,true
1,trackpad,300,20,740,true
1,trackpad,150,20,840,true
1,trackpad,150,20,857,true
1,trackpad,150,20,771,true
1,trackpad,150,20,790,true
1,trackpad,150,20,1038,true
1,trackpad,150,20,1438,true
1,trackpad,150,20,724,true
1,trackpad,150,20,806,true
1,trackpad,150,20,739,true
1,trackpad,150,20,1039,true
1,trackpad,150,20,689,true
1,trackpad,150,20,893,true
1,trackpad,150,20,756,true
1,trackpad,150,20,855,true
1,trackpad,150,20,782,false
1,trackpad,600,20,906,false
1,trackpad,600,20,1539,true
1,trackpad,600,20,1232,true
1,trackpad,600,20,1240,true
1,trackpad,600,20,1094,true
1,trackpad,600,20,1139,false
1,trackpad,600,20,1056,true
1,trackpad,600,20,1378,true
1,trackpad,600,20,1123,true
1,trackpad,600,20,1122,true
1,trackpad,600,20,961,true
1,trackpad,600,20,1190,true
1,trackpad,600,20,1157,false
1,trackpad,600,20,1039,true
1,trackpad,600,20,1397,true
2,trackpad,300,40,722,true
2,trackpad,300,40,605,true
2,trackpad,300,40,858,true
2,trackpad,300,40,805,true
2,trackpad,300,40,823,true
2,trackpad,300,40,673,true
2,trackpad,300,40,1004,true
2,trackpad,300,40,1072,true
2,trackpad,300,40,985,true
2,trackpad,300,40,973,true
2,trackpad,300,40,911,true
2,trackpad,300,40,772,true
2,trackpad,300,40,740,true
2,trackpad,300,40,773,true
2,trackpad,300,40,854,true
2,trackpad,600,40,1006,true
2,trackpad,600,40,1005,true
2,trackpad,600,40,885,true
2,trackpad,600,40,1322,true
2,trackpad,600,40,995,true
2,trackpad,600,40,788,false
2,trackpad,600,40,923,true
2,trackpad,600,40,922,true
2,trackpad,600,40,956,true
2,trackpad,600,40,1089,true
2,trackpad,600,40,957,true
2,trackpad,600,40,1156,true
2,trackpad,600,40,1197,true
2,trackpad,600,40,1027,true
2,trackpad,600,40,872,true
2,trackpad,600,60,845,true
2,trackpad,600,60,838,true
2,trackpad,600,60,873,true
2,trackpad,600,60,838,true
2,trackpad,600,60,857,true
2,trackpad,600,60,456,false
2,trackpad,600,60,473,true
2,trackpad,600,60,338,false
2,trackpad,600,60,256,true
2,trackpad,600,60,205,false
2,trackpad,600,60,205,true
2,trackpad,600,60,190,false
2,trackpad,600,60,155,true
2,trackpad,600,60,1307,true
2,trackpad,600,60,856,true
2,trackpad,300,60,739,true
2,trackpad,300,60,822,true
2,trackpad,300,60,840,true
2,trackpad,300,60,1056,true
2,trackpad,300,60,788,true
2,trackpad,300,60,889,true
2,trackpad,300,60,706,true
2,trackpad,300,60,857,true
2,trackpad,300,60,688,true
2,trackpad,300,60,789,true
2,trackpad,300,60,790,true
2,trackpad,300,60,705,true
2,trackpad,300,60,657,true
2,trackpad,300,60,738,true
2,trackpad,300,60,755,true
2,trackpad,150,60,838,true
2,trackpad,150,60,940,true
2,trackpad,150,60,905,true
2,trackpad,150,60,806,true
2,trackpad,150,60,738,true
2,trackpad,150,60,688,true
2,trackpad,150,60,639,true
2,trackpad,150,60,606,true
2,trackpad,150,60,672,true
2,trackpad,150,60,639,true
2,trackpad,150,60,639,true
2,trackpad,150,60,606,true
2,trackpad,150,60,607,true
2,trackpad,150,60,872,true
2,trackpad,150,60,689,true
2,trackpad,150,40,841,true
2,trackpad,150,40,937,true
2,trackpad,150,40,807,true
2,trackpad,150,40,722,true
2,trackpad,150,40,740,true
2,trackpad,150,40,789,true
2,trackpad,150,40,672,true
2,trackpad,150,40,673,true
2,trackpad,150,40,738,true
2,trackpad,150,40,639,true
2,trackpad,150,40,789,true
2,trackpad,150,40,805,true
2,trackpad,150,40,773,true
2,trackpad,150,40,738,true
2,trackpad,150,40,706,true
2,trackpad,300,20,722,true
2,trackpad,300,20,890,true
2,trackpad,300,20,972,true
2,trackpad,300,20,939,true
2,trackpad,300,20,1174,true
2,trackpad,300,20,926,true
2,trackpad,300,20,940,true
2,trackpad,300,20,1022,true
2,trackpad,300,20,905,true
2,trackpad,300,20,850,true
2,trackpad,300,20,722,true
2,trackpad,300,20,855,true
2,trackpad,300,20,856,true
2,trackpad,300,20,943,true
2,trackpad,300,20,785,true
2,trackpad,150,20,640,true
2,trackpad,150,20,671,true
2,trackpad,150,20,705,true
2,trackpad,150,20,823,true
2,trackpad,150,20,804,true
2,trackpad,150,20,907,true
2,trackpad,150,20,955,true
2,trackpad,150,20,737,true
2,trackpad,150,20,839,true
2,trackpad,150,20,840,true
2,trackpad,150,20,856,true
2,trackpad,150,20,939,true
2,trackpad,150,20,1022,true
2,trackpad,150,20,823,true
2,trackpad,150,20,790,true
2,trackpad,600,20,2027,true
2,trackpad,600,20,1059,true
2,trackpad,600,20,1222,true
2,trackpad,600,20,1057,true
2,trackpad,600,20,1127,true
2,trackpad,600,20,1044,true
2,trackpad,600,20,1123,true
2,trackpad,600,20,1323,true
2,trackpad,600,20,1302,true
2,trackpad,600,20,1106,true
2,trackpad,600,20,1059,true
2,trackpad,600,20,870,true
2,trackpad,600,20,1341,true
2,trackpad,600,20,1005,true
2,trackpad,600,20,1207,true
3,trackpad,150,20,816,false
3,trackpad,150,20,866,true
3,trackpad,150,20,770,true
3,trackpad,150,20,698,true
3,trackpad,150,20,783,false
3,trackpad,150,20,833,true
3,trackpad,150,20,834,true
3,trackpad,150,20,633,true
3,trackpad,150,20,683,true
3,trackpad,150,20,734,true
3,trackpad,150,20,734,true
3,trackpad,150,20,782,true
3,trackpad,150,20,784,true
3,trackpad,150,20,649,true
3,trackpad,150,20,784,true
3,trackpad,300,20,866,true
3,trackpad,300,20,1016,true
3,trackpad,300,20,917,true
3,trackpad,300,20,1082,true
3,trackpad,300,20,884,true
3,trackpad,300,20,867,true
3,trackpad,300,20,800,true
3,trackpad,300,20,800,true
3,trackpad,300,20,1067,true
3,trackpad,300,20,800,true
3,trackpad,300,20,883,true
3,trackpad,300,20,949,true
3,trackpad,300,20,867,true
3,trackpad,300,20,834,false
3,trackpad,300,20,1050,true
3,trackpad,300,60,682,true
3,trackpad,300,60,552,true
3,trackpad,300,60,565,true
3,trackpad,300,60,666,true
3,trackpad,300,60,600,true
3,trackpad,300,60,583,true
3,trackpad,300,60,733,true
3,trackpad,300,60,550,true
3,trackpad,300,60,600,true
3,trackpad,300,60,517,true
3,trackpad,300,60,583,true
3,trackpad,300,60,516,true
3,trackpad,300,60,599,true
3,trackpad,300,60,767,true
3,trackpad,300,60,584,true
3,trackpad,150,40,500,true
3,trackpad,150,40,516,true
3,trackpad,150,40,551,true
3,trackpad,150,40,500,true
3,trackpad,150,40,866,true
3,trackpad,150,40,583,true
3,trackpad,150,40,534,true
3,trackpad,150,40,500,true
3,trackpad,150,40,516,true
3,trackpad,150,40,501,true
3,trackpad,150,40,566,true
3,trackpad,150,40,517,true
3,trackpad,150,40,517,true
3,trackpad,150,40,583,true
3,trackpad,150,40,583,true
3,trackpad,600,40,1051,true
3,trackpad,600,40,700,true
3,trackpad,600,40,801,true
3,trackpad,600,40,832,true
3,trackpad,600,40,734,true
3,trackpad,600,40,850,true
3,trackpad,600,40,800,true
3,trackpad,600,40,866,true
3,trackpad,600,40,901,true
3,trackpad,600,40,849,true
3,trackpad,600,40,851,true
3,trackpad,600,40,800,true
3,trackpad,600,40,884,true
3,trackpad,600,40,748,true
3,trackpad,600,40,734,true
3,trackpad,300,40,684,true
3,trackpad,300,40,566,true
3,trackpad,300,40,484,true
3,trackpad,300,40,599,true
3,trackpad,300,40,700,true
3,trackpad,300,40,568,true
3,trackpad,300,40,532,true
3,trackpad,300,40,683,true
3,trackpad,300,40,768,true
3,trackpad,300,40,866,true
3,trackpad,300,40,601,true
3,trackpad,300,40,599,true
3,trackpad,300,40,633,true
3,trackpad,300,40,567,true
3,trackpad,300,40,767,true
3,trackpad,600,60,800,true
3,trackpad,600,60,717,true
3,trackpad,600,60,683,true
3,trackpad,600,60,567,true
3,trackpad,600,60,650,true
3,trackpad,600,60,750,true
3,trackpad,600,60,883,true
3,trackpad,600,60,2052,true
3,trackpad,600,60,983,true
3,trackpad,600,60,933,true
3,trackpad,600,60,751,true
3,trackpad,600,60,715,true
3,trackpad,600,60,833,true
3,trackpad,600,60,684,true
3,trackpad,600,60,766,true
3,trackpad,150,60,535,true
3,trackpad,150,60,516,true
3,trackpad,150,60,567,false
3,trackpad,150,60,565,true
3,trackpad,150,60,584,false
3,trackpad,150,60,549,true
3,trackpad,150,60,518,true
3,trackpad,150,60,532,true
3,trackpad,150,60,551,false
3,trackpad,150,60,566,false
3,trackpad,150,60,519,false
3,trackpad,150,60,598,true
3,trackpad,150,60,584,true
3,trackpad,150,60,550,true
3,trackpad,150,60,599,true
3,trackpad,600,20,918,false
3,trackpad,600,20,583,true
3,trackpad,600,20,1167,true
3,trackpad,600,20,1282,true
3,trackpad,600,20,1233,true
3,trackpad,600,20,1050,true
3,trackpad,600,20,1000,true
3,trackpad,600,20,1050,true
3,trackpad,600,20,1017,true
3,trackpad,600,20,849,true
3,trackpad,600,20,916,true
3,trackpad,600,20,1018,true
3,trackpad,600,20,1033,true
3,trackpad,600,20,1133,true
3,trackpad,600,20,1118,true
